Country Name,Country Code,SP.DYN.LE00.IN,EG.ELC.ACCS.ZS,NY.ADJ.NNTY.KD.ZG,NY.ADJ.NNTY.KD,SE.PRM.UNER.ZS,SE.XPD.PRIM.ZS,SP.DYN.IMRT.IN,SE.ADT.LITR.ZS,SP.POP.GROW,SP.POP.TOTL,SE.PRM.CMPT.ZS,SH.XPD.CHEX.GD.ZS,SH.XPD.CHEX.PC.CD,SL.UEM.TOTL.NE.ZS,SP.DYN.AMRT.FE,SP.DYN.AMRT.MA,NY.GDP.MKTP.KD.ZG,NY.GDP.PCAP.PP.CD,SP.DYN.CBRT.IN,NY.GNP.PCAP.PP.CD,SL.EMP.TOTL.SP.ZS
Afghanistan,AFG,64.486,98.71320343,NA,NA,NA,NA,48,43.01971817,2.3847611,37172386,85.62532806,9.39572716,49.84260941,NA,192.532,237.554,1.189228129,2083.321897,32.487,2100,43.38000107
Albania,ALB,78.458,100,2.306647784,11161549933,2.557790041,NA,8.5,98.14115143,-0.246732042,2866376,101.5378571,5.26271439,274.914093,12.30000019,49.486,93.315,4.071301295,13974.01161,11.78,13960,52.02999878
Algeria,DZA,76.693,100,0.069229247,1.45E+11,0.352499992,NA,20.4,81.40783691,2.00737383,42228429,105.143959,6.2184267,255.8694305,NA,80.672,102.851,1.2,11925.79856,24.282,11630,37.61000061
Angola,AGO,60.782,43.25925827,-21.95911973,31402146032,NA,NA,51.9,NA,3.276133875,30809762,NA,2.54900527,87.61676788,NA,220.291,327.044,-2.003629727,7102.405887,40.729,6550,72.09999847
Antigua and Barbuda,ATG,76.885,100,NA,NA,0.689899981,NA,6,NA,0.89718512,96286,96.19882965,5.23155928,875.1725464,NA,83.136,126.917,7.389197162,21630.17951,15.327,20580,NA
Argentina,ARG,76.52,100,-1.434388407,3.95E+11,NA,NA,8.7,99.0038681,1.015808349,44494502,NA,9.62454033,1127.907227,9.220000267,79.483,147.086,-2.565351876,23313.81794,17.021,22480,55.72999954
Armenia,ARM,74.945,100,2.552062303,10865514665,6.905220032,NA,11,NA,0.236306379,2951776,89.87895966,10.02538967,422.2826843,18.96999931,65.595,173.428,5.2,13024.69481,13.987,13250,43.08000183
Aruba,ABW,76.152,100,NA,NA,NA,NA,NA,97.80741882,0.453575639,105845,NA,NA,NA,NA,68.514,110.63,NA,NA,11.652,NA,NA
Australia,AUS,82.74878049,100,0.692500252,1.07E+12,0.428380013,NA,3.1,NA,1.536105516,24982688,NA,9.28459835,5425.340332,5.300000191,NA,NA,2.949285772,51390.50285,12.6,49760,62.16999817
Austria,AUT,81.69268293,100,2.734407923,3.58E+11,0.043699998,NA,2.9,NA,0.487071925,8840521,99.81300354,10.32559872,5326.437012,4.849999905,NA,NA,2.580120733,58850.76011,9.7,58320,57.79000092
Azerbaijan,AZE,72.864,100,NA,NA,3.894190073,NA,19.3,NA,0.866316916,9939771,100.2199478,3.51373243,165.7674408,4.900000095,89.073,149.499,1.500401707,14555.79673,14,13800,63.56000137
"Bahamas, The",BHS,73.752,100,-6.041011011,8660422784,23.53087044,NA,11.1,NA,1.010953344,385640,76.45863342,6.24896193,2013.379272,10,116.813,193.627,3.025999168,37921.31116,13.968,35930,68.06999969
Bahrain,BHR,77.163,100,0.932450388,26743248143,1.036579967,NA,6.1,97.46418762,4.921161372,1569439,97.87412262,4.13356352,994.1790161,NA,56.217,72.073,1.779433447,47353.11838,13.99,44740,72.05999756
Bangladesh,BGD,72.32,85.16042328,8.039559375,1.82E+11,NA,NA,26.7,73.91220093,1.050044649,161356039,NA,2.3428061,41.90905762,NA,114.505,151.411,7.86374303,4549.617646,18.184,4760,56.47999954
Barbados,BRB,79.081,100,NA,NA,1.611789942,NA,12.1,NA,0.142439723,286641,88.74687195,6.56259155,1164.544556,8.319999695,91.939,129.531,-0.580333154,16056.68927,10.648,15330,59
Belarus,BLR,74.17560976,100,6.79602154,60083801517,1.302559972,NA,2.6,99.75656128,-0.155570407,9483499,104.6179123,5.64426613,356.2507324,4.760000229,NA,NA,3.149197594,19345.28019,9.9,18650,61.45999908
Belgium,BEL,81.59512195,100,-0.161145462,4.37E+11,0.519879997,NA,2.8,NA,0.455184695,11427054,NA,10.31865311,4912.700684,5.949999809,49.245,80.262,1.812295999,54330.28719,10.3,54860,50.50999832
Belize,BLZ,74.496,99.54001617,-3.184313835,1221265855,0.664810002,NA,11.2,NA,1.92457577,383071,104.4744797,5.69105911,285.9858398,NA,117.655,213.827,2.078949278,7291.734632,20.786,6580,60.81000137
Benin,BEN,61.47,41.52923965,6.358474988,11539265619,2.788969994,NA,60.4,42.36240005,2.734862013,11485048,NA,2.49141979,30.9390583,NA,211.008,258.647,6.697259461,3237.773682,36.221,3200,69.11000061
Bermuda,BMU,81.65170732,100,NA,NA,NA,NA,NA,NA,0.073583517,63920,NA,NA,NA,NA,NA,NA,-0.4328013,83404.2745,8.2,86120,NA
Bhutan,BTN,71.46,100,2.741011472,1896877697,8.136190414,NA,24.7,NA,1.176843395,754394,NA,3.0574255,102.7385178,NA,194.721,197.28,3.055129837,11624.92103,17.259,10580,65.40000153
Bolivia,BOL,71.239,95.5853653,3.685036421,20983839751,6.787089825,NA,22,NA,1.421899486,11353142,94.83978271,6.30102587,223.5978851,3.519999981,138.315,219.194,4.223623511,8866.378834,21.75,8650,69.41999817
Bosnia and Herzegovina,BIH,77.262,100,5.328740136,17939737082,NA,NA,5.2,NA,-0.826854592,3323929,NA,8.895051,539.5466309,18.39999962,59.775,115.278,3.740071092,15387.58428,8.111,15340,38.00999832
Botswana,BWA,69.275,64.85172272,0.814662998,13834985438,NA,NA,32.3,NA,2.197675758,2254126,NA,5.84825039,482.9630737,NA,161.962,249.384,4.478836553,18063.76393,24.821,16530,58.41999817
Brazil,BRA,75.672,100,-0.310564987,1.94E+12,NA,NA,12.8,93.22750092,0.783847579,209469333,NA,9.51438713,848.388855,12.32999992,91.421,188.528,1.317223999,14951.811,13.924,14530,56.15000153
Brunei Darussalam,BRN,75.722,100,-3.711086086,10521665818,0.770210028,NA,9.4,97.21411133,1.051993743,428962,107.9787216,2.41291642,763.1528931,8.699999809,98.803,143.719,0.052237791,61859.97791,14.896,62240,60.79000092
Bulgaria,BGR,74.96341463,100,8.190180369,55306822670,13.30496025,NA,5.9,NA,-0.722080405,7025037,86.6185379,7.34667873,689.9053955,5.210000038,NA,NA,3.092447654,23634.1734,8.9,22890,52.56999969
Burkina Faso,BFA,61.174,14.4,14.63083089,NA,20.65831947,NA,55.3,41.22444916,2.867078367,19751535,65.47892761,5.62852383,40.24945068,4.690000057,228.16,260.379,6.731235608,2171.973966,37.93,2080,63.40000153
Burundi,BDI,61.247,11.02425194,8.252684898,1981045719,6.390890121,NA,41.2,NA,3.166773442,11175378,63.02138901,7.74165535,24.02547073,NA,253.135,310.651,1.609933082,780.0749372,39.008,780,78.02999878
Cabo Verde,CPV,72.782,93.58599854,6.467052031,1597595688,6.44506979,NA,13.6,NA,1.159766769,543767,87.29020691,5.35998297,194.8568726,12.17000008,85.514,182.203,4.531161683,7031.358188,19.49,6870,52.95000076
Cambodia,KHM,69.57,91.55067444,6.284050973,15797412425,9.309709549,NA,23.7,NA,1.490355371,16249798,87.9994812,6.02654314,90.55628204,NA,132.376,199.971,7.469169207,4260.658965,22.464,3970,82.05000305
Cameroon,CMR,58.921,62.66007233,3.507887541,30486717053,NA,NA,51.6,77.07103729,2.612290751,25216237,64.47068024,3.52989626,54.13952637,NA,281.332,317.692,4.062486841,3691.334293,35.386,3620,73.63999939
Canada,CAN,81.94878049,100,1.566577885,1.53E+12,0.211909994,NA,4.3,NA,1.397947791,37057765,NA,10.79046917,4994.902344,5.829999924,NA,NA,2.013639187,50939.39259,10.1,50280,61.45000076
Central African Republic,CAF,52.805,32.42039871,NA,NA,NA,NA,83.4,37.39582062,1.519051537,4666377,NA,10.99253082,53.66416168,NA,371.323,452.968,3.789443593,955.840117,35.348,1030,69.16000366
Chad,TCD,53.977,11.75935555,1.516290763,7671749757,25.72126007,NA,70.8,NA,3.023579699,15477751,40.56021881,4.09880257,29.23851013,1.129999995,335.378,377.607,2.3740378,1614.717823,42.172,1590,69.40000153
Chile,CHL,80.042,100,1.339371482,2.06E+11,1.283869982,NA,6.2,NA,1.391010541,18729160,96.24210358,9.14051342,1455.60791,7.230000019,59.035,107.669,3.949320891,25512.76843,12.428,24420,57.97000122
China,CHN,76.704,100,9.757092167,8.34E+12,NA,NA,7.3,96.84088898,0.455899679,1392730000,NA,5.35107994,501.0593872,3.799999952,60.272,93.777,6.749773833,15614.30528,10.9,15530,65.76000214
Colombia,COL,77.109,99.93644714,0.058202736,2.93E+11,2.282979965,32.70964,12.2,95.09250641,1.524235944,49661056,106.7693863,7.63980007,513.1586914,9.109999657,77.999,151.616,2.515324456,15055.6853,14.882,14670,62.41999817
Comoros,COM,64.118,81.92275238,5.224826838,1187937451,18.1545105,NA,49.7,58.81702042,2.239170611,832322,NA,4.58884811,65.22776031,NA,194.435,245.527,3.430764136,3141.546075,31.881,3160,41.93000031
"Congo, Dem. Rep.",COD,60.368,18.97766113,-0.904399667,26307808116,NA,NA,67.9,NA,3.2266989,84068091,NA,3.30075741,18.51088905,NA,224.637,273.573,5.8211211,1112.346092,41.183,1080,61.04000092
"Congo, Rep.",COG,64.29,68.51843262,-28.09991909,2344133765,NA,NA,35.7,80.29875946,2.5817013,5244363,NA,2.13848233,47.5177536,NA,240.201,279.572,-6.204007024,4002.113076,32.862,3400,62.83000183
Costa Rica,CRI,80.095,100,1.945092242,45194007789,0.119230002,28.67492,7.5,97.86379242,0.994782258,4999441,98.59436798,7.56336021,909.6730957,9.630000114,56.969,113.079,2.660375294,20374.59029,13.971,19270,56.18999863
Croatia,HRV,78.07073171,100,3.094706016,55496094986,1.617799997,NA,4.1,NA,-0.893486928,4087843,94.84780884,6.82702351,1014.222351,8.430000305,49.809,117.544,2.807609701,29455.58326,9,29020,47.02999878
Cuba,CUB,78.726,100,NA,NA,2.155580044,NA,3.9,NA,-0.009886496,11338138,84.13140869,11.18745422,986.9373169,1.700000048,73.993,113.198,2.248480393,NA,10.166,NA,52.81000137
Cyprus,CYP,80.828,100,3.953121337,23450949271,0.575219989,NA,1.9,NA,0.809225398,1189265,101.8767014,6.76976299,1954.40686,8.369999886,32.883,64.711,5.240747828,39737.32519,10.462,38340,57.93999863
Czech Republic,CZE,79.02926829,100,NA,NA,0.410930008,NA,2.5,NA,0.334427262,10629928,98.54006195,7.64651203,1765.588379,2.24000001,NA,NA,3.18131405,42425.16695,10.7,40020,59.40999985
Denmark,DNK,80.95365854,100,2.468241729,3.17E+11,0.60374999,NA,3.3,NA,0.495838926,5793636,101.0366287,10.0707159,6216.768555,5.130000114,NA,NA,2.175646389,59276.21251,10.6,60610,58.45999908
Djibouti,DJI,66.582,60.39544678,1.364641861,NA,37.8930397,NA,49.8,NA,1.557873607,958920,66.38028717,2.32438445,70.86093903,NA,178.345,232.137,8.407662666,5341.103794,21.466,5520,53.58000183
Dominican Republic,DOM,73.892,100,6.390971006,72567349902,5.673140049,NA,24.1,NA,1.078841148,10627165,93.1275177,5.73298407,461.542511,5.860000134,114.55,197.349,6.982527584,18143.22448,19.506,17330,61.86000061
Ecuador,ECU,76.8,100,-2.695007042,65362284003,1.312070012,NA,12.3,NA,1.765611201,17084357,104.4336777,8.13646507,516.2479858,3.529999971,88.072,161.14,1.289291933,11843.39364,19.719,11530,65.62999725
"Egypt, Arab Rep.",EGY,71.825,100,4.382051505,2.54E+11,0.651929975,NA,17.9,NA,2.033262176,98423595,100.6852112,4.947577,125.545372,9.819999695,105.456,182.7,5.314121037,11643.2205,26.379,11350,40.52000046
El Salvador,SLV,73.096,100,0.006807654,18212578996,13.69966984,46.16494,11.8,89.00859833,0.509367036,6420744,86.60769653,7.10940361,288.5174561,4.010000229,103.299,268.447,2.430960499,8825.451749,18.253,8330,56.56999969
Equatorial Guinea,GNQ,58.402,67.03250122,-6.241589711,4692949284,NA,NA,62.2,NA,3.654506773,1308974,NA,2.99830961,314.2987671,NA,294.556,334.453,-6.356339113,20855.81136,33.241,15750,56.83000183
Eritrea,ERI,65.941,49.61554337,NA,NA,47.34817886,NA,31.3,76.57051849,NA,NA,60.27051163,4.09255791,23.78602791,NA,202.445,276.241,NA,NA,30.302,NA,74.08000183
Eswatini,SWZ,59.401,76.50398254,3.700963675,4539146659,16.34914017,NA,40.7,88.41938019,1.011798397,1136191,94.48487091,6.54034519,271.1400757,NA,309.883,479.936,2.371609694,8728.79178,26.342,8130,40.54999924
Ethiopia,ETH,66.24,44.97995758,15.67640626,NA,NA,NA,37.9,NA,2.620013482,109224559,NA,3.29555655,24.22611809,NA,184.812,236.779,6.816147797,2154.754605,32.339,2150,77.81999969
Faroe Islands,FRO,82.54878049,100,NA,NA,NA,NA,NA,NA,0.342876364,48497,NA,NA,NA,NA,NA,NA,NA,NA,13.4,NA,NA
Fiji,FJI,67.341,99.5933609,NA,NA,NA,NA,21.6,NA,0.684181932,883483,NA,3.42366552,214.5537872,NA,174.97,256.995,3.812637219,14183.5639,21.277,13270,55.29999924
Finland,FIN,81.73414634,100,2.312426489,2.23E+11,1.327100039,NA,2,NA,0.132641041,5515525,100.3738098,9.037323,4515.677246,7.360000134,44.026,89.21,1.517588611,51318.34184,8.6,51480,54.93999863
France,FRA,82.72439024,100,0.701385153,2.46E+12,0.04214,NA,3.7,NA,0.151733989,66965912,NA,11.25789452,4690.072266,9.020000458,NA,NA,1.792863927,48136.20687,11.3,49200,50.31000137
French Polynesia,PYF,77.462,100,NA,NA,NA,NA,NA,NA,0.569178577,277679,NA,NA,NA,NA,66.154,112.857,NA,NA,14.684,NA,47.74000168
Gabon,GAB,66.187,93.03568268,-1.597635214,12520341415,NA,NA,32.2,84.66716003,2.602954061,2119275,NA,2.74503946,218.3686066,NA,182.317,238.333,0.842950946,15103.60903,31.611,14110,42.24000168
Georgia,GEO,73.6,100,6.866684692,16085370860,0.786210001,NA,8.7,NA,-0.039036546,3726549,95.50823212,7.11329746,312.7469177,12.67000008,77.23,221.61,4.869934776,14604.38444,13.472,14040,56.15999985
Germany,DEU,80.89268293,100,0.856609244,3.32E+12,0.688939989,NA,3.3,NA,0.300526702,82905782,100.8433228,11.42995071,5472.202148,3.380000114,NA,NA,1.267995232,56689.09573,9.5,58070,58.77000046
Ghana,GHA,63.78,82.39457703,5.56746524,37886267306,3.623579979,NA,35,79.03964233,2.192828837,29767108,93.80911255,3.53888083,77.91143036,NA,214.333,254.991,6.263480732,5320.975634,29.407,5220,65.06999969
Greece,GRC,81.78780488,100,1.015716773,2.13E+11,1.428419948,NA,3.5,97.93595123,-0.202880238,10732882,97.93238068,7.71544075,1566.899902,19.29000092,42.478,93.96,1.934370659,31467.07296,8.1,30250,42.04000092
Greenland,GRL,NA,100,NA,NA,NA,NA,NA,NA,-0.265609141,56023,NA,NA,NA,NA,NA,NA,3.218027331,NA,14.6,NA,NA
Grenada,GRD,72.384,95.29198456,NA,NA,0.764419973,NA,14.7,NA,0.52175283,111454,123.0012283,4.46386862,474.5328064,NA,117.738,179.054,4.141152838,17210.47906,16.465,15570,NA
Guam,GUM,79.859,100,NA,NA,NA,NA,NA,NA,0.901084422,165768,NA,NA,NA,NA,39.075,79.819,-0.26835346,NA,16.579,NA,60.66999817
Guatemala,GTM,74.063,94.69546509,2.542378949,45942429244,10.62872028,55.59887,21.4,NA,1.600385982,16346950,79.69037628,5.70716429,259.6201782,NA,111.16,201.48,3.21490625,8654.268548,24.561,8470,60.91999817
Guinea,GIN,61.185,44,-0.488402248,8241785401,NA,61.64747,65.1,NA,2.833136353,12414318,NA,3.93172431,38.31764221,NA,232.889,260.356,6.199774687,2556.773681,36.364,2510,58.97999954
Guinea-Bissau,GNB,58.003,28.66202164,4.475971379,1184352887,NA,NA,54,NA,2.493771961,1874309,NA,6.99553871,53.29457474,NA,301.21,373.99,3.799999998,1996.659573,35.125,1990,70.05000305
Guyana,GUY,69.774,91.84952545,NA,NA,NA,NA,25.2,NA,0.486803065,779004,NA,5.93609333,295.5578919,14.02000046,182.082,268.873,4.440980725,12781.57994,19.967,12710,47.15000153
Haiti,HTI,63.66,45.27788925,4.283522435,8377003261,NA,NA,49.4,NA,1.273996399,11123176,NA,7.69460344,64.24588013,NA,197.41,257.443,1.667826664,3065.205078,24.349,3070,58.70000076
Honduras,HND,75.088,91.88720703,-0.990435922,18332927840,NA,NA,14.9,87.20523834,1.667103614,9587522,NA,7.04958153,176.2472687,5.650000095,115.541,166.999,3.696729569,5810.429508,21.599,5350,64.87000275
"Hong Kong SAR, China",HKG,84.93414634,100,NA,NA,2.431390047,22.08105,NA,NA,0.799050247,7451000,104.4942322,NA,NA,NA,33.104,61.901,2.84746139,62551.05859,7.2,65530,58.52000046
Hungary,HUN,76.06585366,100,4.184558638,1.26E+11,4.44464016,NA,3.3,NA,-0.126786952,9775564,98.84925079,6.70007229,1081.802856,3.710000038,NA,NA,5.405294104,32834.0394,9.6,31650,54.45999908
Iceland,ISL,82.86097561,100,-0.24916855,NA,0.058639999,NA,1.6,NA,2.678142769,352721,99.20509338,8.46930885,6530.932129,2.700000048,NA,NA,3.814423004,58945.23419,12,57090,73.26000214
India,IND,69.416,95.2358551,5.629486085,2.44E+12,NA,NA,29.7,74.37299347,1.03732336,1352617328,NA,3.544245,72.83453369,5.329999924,147.161,203.623,6.119586841,6655.06986,17.857,6580,46.79000092
Indonesia,IDN,71.509,98.51,3.976542578,8.63E+11,5.623320103,NA,20.9,95.65856171,1.133769861,267663435,102.3348389,2.87053037,111.6779099,4.400000095,125.668,177.539,5.169705609,11648.54267,18.072,11310,64.47000122
Iraq,IRQ,70.454,99.9,NA,NA,NA,NA,22.5,NA,2.318464028,38433600,NA,4.1062417,239.4130554,NA,129.1,185.811,-0.563615472,10919.77262,29.075,10830,37.38999939
Ireland,IRL,82.25609756,100,3.776183676,2.09E+11,0.00174,NA,2.9,NA,1.238875453,4867316,97.32833862,6.92870378,5489.070801,5.739999771,NA,NA,8.169870718,86800.57742,12.5,68090,58.77999878
Israel,ISR,82.80243902,100,3.561808241,2.78E+11,0.312099993,NA,3,NA,1.926622865,8882800,102.4397507,7.51703548,3323.650635,4,NA,NA,3.453702558,41469.55077,20.8,41420,61.52000046
Italy,ITA,83.34634146,100,1.176063841,1.80E+12,3.146600008,NA,2.8,99.15576172,-0.19006364,60421760,97.64672089,8.66763401,2988.99585,10.60999966,NA,NA,0.944089469,44471.87067,7.3,44960,44.43999863
Jamaica,JAM,74.368,98.93328094,0.288212964,12676811503,15.64908981,34.16447,12.3,NA,0.47823514,2934855,85.61917877,6.06135607,320.9763184,9.100000381,104.39,175.464,1.940878147,9975.199073,16.103,9590,59.84999847
Japan,JPN,84.21097561,100,-0.062626475,5.00E+12,NA,NA,1.8,NA,-0.202670345,126529100,NA,10.95338821,4266.586914,2.400000095,NA,NA,0.323207338,42811.03637,7.4,44370,60.40000153
Kazakhstan,KAZ,73.15,100,-1.537515307,1.39E+11,0.990610003,0.65782,9.2,99.78163147,1.31477741,18276498.5,110.3839035,2.92212725,275.8546143,4.849999905,94.435,220.812,4.1,26166.5389,21.77,22950,65.75
Kenya,KEN,66.342,75,6.908445407,50988309321,NA,NA,32.8,81.53497314,2.305948675,51393010,NA,5.16729498,88.38527679,NA,194.507,264.72,6.318450702,4306.206985,28.748,4240,72.54000092
Kiribati,KIR,68.116,100,1.659703938,401086862.5,NA,NA,41.3,NA,1.468690124,115847,NA,12.11170006,196.8479767,NA,153.038,235.02,2.313157811,2310.664853,27.887,4270,NA
"Korea, Dem. People’s Rep.",PRK,72.095,48.49082565,NA,NA,NA,NA,13.7,NA,0.47012429,25549819,NA,NA,NA,NA,95.764,161.971,NA,NA,13.89,NA,78.63999939
"Korea, Rep.",KOR,82.62682927,100,0.562804124,1.18E+12,0.923990011,NA,2.8,NA,0.47533441,51606633,95.37677002,7.56259203,2542.818115,3.819999933,32.342,79.266,2.907403774,43678.50118,6.4,43850,60.61000061
Kosovo,XKX,72.19512195,100,NA,NA,NA,NA,NA,NA,0.339010962,1797085,NA,NA,NA,29.42000008,NA,NA,3.815620226,11160.69533,16,11350,NA
Kuwait,KWT,75.398,100,9.014249065,1.14E+11,NA,NA,6.9,96.05647278,1.982462733,4137312,91.81941223,4.99920797,1711.223389,NA,41.12,69.179,1.246273814,51708.25361,13.939,58550,71.79000092
Kyrgyz Republic,KGZ,71.4,100,8.649527917,5768056518,0.287640005,NA,17.1,99.58599854,1.99032207,6322800,104.5162888,6.53458309,85.73608398,4.539999962,94.014,210.663,3.757910117,5258.195592,27.1,5100,55.04999924
Lao PDR,LAO,67.61,97.91982269,NA,NA,8.511400223,NA,37.6,NA,1.548022991,7061507,97.89003754,2.24630332,57.11195755,NA,156.747,205.59,6.247960008,7777.781032,23.549,7410,77.66000366
Latvia,LVA,74.78292683,100,5.792294597,25065397741,1.131440043,NA,3.3,99.88931274,-0.779138396,1927174,98.3991394,6.18923044,1101.492554,7.409999847,NA,NA,4.024311045,31771.44117,10,31250,57.20000076
Lebanon,LBN,78.875,100,-2.735361104,37168993870,NA,NA,6.4,95.06944275,0.54245866,6848925,NA,8.35297012,686.4677734,NA,53.338,76.205,-1.926404771,15992.32109,17.545,15900,44.22000122
Lesotho,LSO,53.705,47,1.125205145,2897318266,NA,55.95786,69.1,NA,0.796281137,2108132,NA,9.28354836,124.7896729,NA,419.363,545.675,-0.452672993,2815.498324,26.808,3200,51.59999847
Liberia,LBR,63.73,25.9182663,7.158561225,1800417871,NA,42.38775,63.3,NA,2.452522593,4818977,NA,6.73955679,45.42477798,NA,207.08,247.482,1.222551313,1533.471534,33.042,1330,74.08000183
Libya,LBY,72.724,67,NA,NA,NA,NA,10.2,NA,1.47586739,6678567,NA,NA,NA,NA,99.334,179.566,15.13279989,15383.82758,18.829,15650,40.54999924
Liechtenstein,LIE,83.04146341,100,NA,NA,0.148770005,NA,NA,NA,0.29058269,37910,107.3298416,NA,NA,NA,NA,NA,NA,NA,9.9,NA,NA
Lithuania,LTU,75.6804878,100,3.505528377,42159537122,0.179499999,NA,3.3,NA,-0.954190459,2801543,104.2855988,6.56775236,1249.254639,6.150000095,NA,NA,3.936845901,37493.47619,10,36330,57.95999908
Luxembourg,LUX,82.29512195,100,2.230845532,36159304936,0.997389972,NA,2.3,NA,1.928837514,607950,79.64601898,5.28587103,6227.083984,5.590000153,NA,NA,3.110836266,120325.9212,10.3,76650,55.88999939
Madagascar,MDG,66.681,25.90781212,-1.931508187,10590962264,1.959929943,NA,37.5,74.80432129,2.66961324,26262368,65.46877289,4.78956461,22.0497551,NA,181.739,232.545,4.564782759,1652.399771,32.657,1600,84.59999847
Malawi,MWI,63.798,18.02,6.2788082,8840019189,NA,NA,32.1,NA,2.641917288,18143315,NA,9.33423615,35.49821854,NA,212.388,325.106,3.17000322,1067.92233,34.118,1040,72.30999756
Malaysia,MYS,75.997,100,1.034621491,2.72E+11,NA,34.03561,7.2,94.85440826,1.352511651,31528585,NA,3.7562995,427.217041,3.299999952,84.296,160.383,4.769927024,28228.95945,16.752,27350,62.63999939
Maldives,MDV,78.627,100,2.730273784,NA,3.417180061,NA,7,NA,3.813136225,515696,93.17411804,9.41152477,973.5369263,NA,42.149,67.456,8.128813661,19253.68849,14.199,17460,65.26999664
Mali,MLI,58.893,50.9,5.507239042,11883779598,40.98841095,NA,61.8,35.47377014,3.007913579,19077690,NA,3.8849268,34.95166016,1.620000005,244.756,263.613,4.746484327,2339.341417,41.543,2270,64.37000275
Malta,MLT,82.44878049,100,NA,NA,NA,NA,6.1,94.50318909,3.491955403,484630,103.5776367,8.96454525,2753.510986,3.660000086,35.056,63.699,5.178598482,45534.44132,9.2,42110,54.90000153
Mauritania,MRT,64.704,44.52691269,4.984118549,5484486628,19.69111061,NA,51.4,NA,2.780434406,4403319,76.05602264,4.58039093,54.48972321,NA,176.149,218.359,2.115267637,5165.256707,33.694,5140,40.72000122
Mauritius,MUS,74.41634146,97.46600342,2.892472323,11525218496,1.303979993,22.82639,13.7,91.32539368,0.054547267,1265303,100.7911835,5.82624388,653.347229,6.429999828,93.506,188.405,3.759677231,22749.12878,10.2,25470,54.5
Mexico,MEX,74.992,100,1.263820285,9.97E+11,0.69946003,NA,12.6,95.37991333,1.126421149,126190788,102.2558899,5.37147474,519.6054688,3.279999971,95.815,184.379,2.194992049,20348.78991,17.602,19800,58.70999908
"Micronesia, Fed. Sts.",FSM,67.755,82.09972382,NA,NA,NA,NA,25.4,NA,1.054008214,112640,NA,12.59075356,415.816803,NA,146.294,177.715,0.2116536,3547.975116,22.82,3640,NA
Moldova,MDA,71.808,100,2.237840722,9132872246,9.023010254,23.33213,12.6,NA,-1.798515374,2706049,89.38008118,6.59544849,212.9703827,4.110000134,95.579,237.424,4.301477722,12674.44553,10.1,13280,37.04999924
Mongolia,MNG,69.689,98.1,10.94739282,8524022041,0.719439983,NA,14.2,98.42311859,1.79600998,3170208,101.7796478,3.78789377,155.0936737,5.380000114,123.173,288.357,7.246629636,12205.84304,24.131,10950,57.25999832
Montenegro,MNE,76.77,100,5.35433538,4785384998,1.995319963,NA,2.2,98.84718323,-0.023461353,622227,94.47805786,8.4230423,731.4816895,15.17000008,65.97,125.094,5.077910656,22227.30792,11.732,22490,46.16999817
Morocco,MAR,76.453,100,3.0501189,1.08E+11,0.205589995,NA,19.1,73.75000763,1.250794964,36029138,93.59745789,5.31261539,174.7818451,NA,62.159,72.327,3.14850265,7613.142868,18.937,7450,41.29999924
Mozambique,MOZ,60.163,31.1,-0.30849248,15292494765,6.070660114,NA,56.4,NA,2.913458975,29495962,51.98764038,8.17430115,40.26391602,NA,268.188,389.521,3.44381384,1321.156045,37.52,1290,75.72000122
Myanmar,MMR,66.867,66.26457214,3.319620258,70753618177,1.947199941,39.33033,37,NA,0.608482652,53708395,95.39961243,4.79125547,59.20605469,0.870000005,149.971,247.696,6.750460146,5151.691817,17.552,4970,61.90000153
Namibia,NAM,63.373,53.87387466,-0.908330823,13470271678,1.518959999,NA,31.2,91.52726746,1.882279294,2448255,94.08621979,7.95077181,471.4856873,19.87999916,248.938,349.317,0.698369455,10173.91596,28.639,9860,47.27999878
Netherlands,NLD,81.81219512,100,2.480219201,7.95E+11,0.380730003,NA,3.4,NA,0.583933409,17231624,NA,9.97458649,5306.534668,3.829999924,NA,NA,2.360915095,59728.33052,9.7,60410,61.38999939
New Caledonia,NCL,77.14878049,100,NA,NA,NA,NA,NA,NA,1.314666088,284060,NA,NA,NA,NA,56.743,98.003,NA,NA,14.5,NA,53.65000153
New Zealand,NZL,81.85853659,100,0.778229099,1.54E+11,0.288679987,NA,4.1,NA,0.977703457,4841000,NA,9.21034622,4037.462891,4.329999924,NA,NA,3.116242615,44660.5193,11.98,43530,67
Nicaragua,NIC,74.275,88.07795715,-5.784981501,10543510568,NA,NA,14.9,NA,1.255357967,6465513,NA,8.56453705,173.7661133,5.199999809,102.575,200.678,-3.949863807,5833.652948,20.641,5540,63.18000031
Niger,NER,62.024,17.6,10.59659105,10917926152,NA,NA,47.9,35.04999924,3.816869199,22442948,NA,7.33380175,30.35857964,NA,222.743,251.729,7.219172668,1230.221762,46.079,1280,71.90000153
Nigeria,NGA,54.332,56.5,2.430233816,2.95E+11,NA,NA,75.7,62.01601028,2.586545852,195874740,NA,3.88990784,83.75351715,NA,324.961,364.321,1.922757342,5280.65226,37.905,5040,50.38999939
North Macedonia,MKD,75.688,100,NA,NA,0.698199987,NA,6.8,NA,0.046194989,2082958,93.41673279,6.58288956,399.0970764,20.73999977,63.418,119.81,2.9,17197.845,10.811,16480,43.75
Norway,NOR,82.75853659,100,2.989818051,3.90E+11,0.00047,NA,2,NA,0.660090844,5311916,99.123909,10.0493927,8239.095703,3.799999952,38.861,62.494,1.289548201,71444.23761,10.4,74490,61.5
Oman,OMN,77.633,100,-10.31831231,40095117269,3.239140034,NA,9.8,95.6515274,3.445117966,4829483,100.3571014,4.13171434,678.2310181,1.799999952,63.183,101.388,1.763560904,29289.60764,19.189,27350,67.75
Pakistan,PAK,67.114,71.0915467,5.119659849,2.54E+11,NA,NA,57.2,NA,2.05587987,212215030,71.07129669,3.20193386,42.87313461,4.079999924,137.509,172.896,5.836417498,4855.229666,28.25,4770,50.29999924
Panama,PAN,78.329,100,0.26889783,42780375784,NA,NA,13.2,95.41181183,1.69258055,4176873,NA,7.26584625,1131.660156,3.890000105,76.653,148.159,3.692100864,31805.5379,18.976,29400,64.02999878
Paraguay,PRY,74.131,100,2.270267916,28878795738,NA,NA,17.2,94.02079773,1.287844517,6956071,NA,6.65451145,400.3927307,6.21999979,120.525,163.978,3.356172153,13163.50253,20.571,12720,68.01999664
Peru,PER,76.516,95.2,2.694214549,1.63E+11,1.416409969,33.88491,10.7,94.40827179,1.718246517,31989256,96.10073853,5.23800182,369.0784607,3.49000001,84.815,146.37,3.976935718,13093.75526,17.949,12450,75.09999847
Philippines,PHL,71.095,94.85723114,3.947790951,3.27E+11,3.80140996,NA,22.2,NA,1.39613428,106651922,115.4368973,4.40060663,136.5388184,2.339999914,130.91,235.071,6.341485572,8723.546609,20.546,9650,58.18000031
Poland,POL,77.60243902,100,4.601743945,5.36E+11,2.157740116,NA,3.8,NA,-0.000200133,37974750,94.33351898,6.33085012,978.7356567,3.849999905,NA,NA,5.353704746,32987.72558,10.2,31620,54.81999969
Portugal,PRT,81.32439024,100,1.823049737,2.01E+11,0.416750014,NA,3,96.1375885,-0.160104021,10283822,99.57019043,9.40783501,2215.173584,6.989999771,NA,NA,2.849325949,36034.18302,8.5,35150,55.04999924
Puerto Rico,PRI,79.77819512,100,NA,NA,22.05331993,NA,NA,NA,-4.048391034,3193354,69.9172287,NA,NA,9.199999809,63.033,146.208,-4.65959596,34947.17274,6.7,23470,36.47999954
Qatar,QAT,80.1,100,NA,NA,1.339290023,NA,5.8,NA,2.068684466,2781677,95.78588104,2.49480486,1716.265137,0.109999999,31.873,41.498,1.234872192,93186.26081,9.541,91280,86.61000061
Romania,ROU,75.35853659,100,3.931345669,1.81E+11,12.50105953,NA,6.2,98.84449768,-0.587536174,19472545,85.22177124,5.55660582,687.2543945,4.190000057,73.319,171.82,4.474523775,30174.13526,9.6,29620,52.75
Russian Federation,RUS,72.65731707,100,3.606634207,1.34E+12,0.163770005,NA,5.4,99.73005676,-0.013066892,144477860,101.9632111,5.31590033,609.0091553,4.849999905,NA,NA,2.536331301,28763.51663,11.5,28040,59.22999954
Rwanda,RWA,68.7,34.71657181,8.942993896,8431036830,4.320109844,28.56429,27.3,73.21559143,2.644008891,12301939,86.54634857,7.54268694,58.30852127,15.10999966,161.59,216.342,8.579424541,2139.636413,31.696,2070,82.83000183
Samoa,WSM,73.187,100,NA,NA,1.289890051,NA,13.3,99.09577179,0.397464519,196130,104.7818832,5.21262693,227.3279266,NA,80.735,138.239,-2.063273066,6474.2538,24.378,6240,40.34999847
Sao Tome and Principe,STP,70.17,71,NA,NA,NA,NA,24.2,92.81664276,1.884217354,211028,NA,6.26645994,125.4003983,NA,124.395,188.249,2.945267908,4090.632657,31.538,4090,50.45000076
Saudi Arabia,SAU,74.998,100,6.90154615,5.14E+11,NA,NA,6,NA,1.7988753,33699947,96.70606232,6.3615365,1484.593384,6.039999962,76.148,91.872,2.434110778,48756.19295,17.798,49230,52.15000153
Senegal,SEN,67.665,66.95944977,4.851121738,21656712005,NA,31.67194,33.6,NA,2.78193167,15854360,NA,3.97799659,58.90360641,NA,144.704,216.045,6.379556584,3395.533931,34.523,3310,42.68000031
Serbia,SRB,75.8902439,100,6.430108007,38202084529,1.43445003,NA,4.8,NA,-0.546351969,6982604,98.7212677,8.53899002,617.0865479,12.72999954,74.794,141.791,4.495121293,18295.74818,9.2,17370,48.06000137
Seychelles,SYC,72.84146341,100,NA,NA,2.914200068,NA,12.5,95.8677063,0.954291918,96762,101.8531189,5.11036491,833.0789795,3.529999971,97.723,201.609,3.753541193,28678.77243,17.1,27330,NA
Sierra Leone,SLE,54.309,26.1,5.445177465,3089841530,NA,31.02487,83.4,43.20632935,2.136648208,7650154,81.78533936,16.06307983,85.77548218,NA,353.346,392.263,3.446162621,1703.810228,33.406,1580,55.43000031
Singapore,SGP,83.14634146,100,2.018544942,2.59E+11,0.204339996,NA,2.1,97.34485626,0.469704299,5638676,99.92182922,4.46444654,2823.638184,NA,34.939,59.839,3.438111042,100126.0236,8.8,90510,68.05999756
Slovak Republic,SVK,77.26585366,100,2.760772268,83246804397,4.430580139,NA,4.8,NA,0.13850816,5446771,92.17269135,6.68639565,1299.911377,6.539999962,NA,NA,3.768631509,32553.40725,10.6,32110,55.88999939
Slovenia,SVN,81.37804878,100,4.937010627,44191199078,0.232710004,NA,1.7,NA,0.362584395,2073894,97.39997101,8.29891014,2169.579102,5.110000134,NA,NA,4.384501721,40143.77394,9.4,39500,55.86999893
Solomon Islands,SLB,72.835,66.66609955,NA,NA,4.383130074,NA,17.3,NA,2.610133776,652858,86.78566742,4.47443104,94.96378326,NA,124.818,162.895,3.94424955,2765.502634,32.439,2730,83.31999969
South Africa,ZAF,63.857,91.22987366,-0.093643712,3.52E+11,11.00796032,38.74843,27.8,NA,1.357697288,57779622,90.34449768,8.25342083,525.9569092,26.90999985,248.816,376.404,0.78705557,12938.43273,20.51,12530,40.93000031
South Sudan,SSD,57.604,28.20185661,NA,NA,NA,NA,62.4,34.52275848,0.59544157,10975920,NA,6.40037966,26.78586388,NA,300.898,350.689,NA,NA,35.01,NA,63.61000061
Spain,ESP,83.43170732,100,2.201233831,1.29E+12,3.075900078,NA,2.6,98.43650055,0.437982994,46797754,98.52601624,8.97741413,2736.323242,15.25,NA,NA,2.430047145,42005.25335,7.9,42080,48.95000076
Sri Lanka,LKA,76.812,99.58340454,3.111962807,81079307354,0.539619982,29.85557,6.4,91.70982361,1.048392958,21670000,NA,3.75841475,157.4658508,4.320000172,56.065,151.16,3.306417413,13177.9884,15.831,12820,50.65000153
St. Lucia,LCA,76.057,99.53749847,NA,NA,1.434849977,35.06908,19.7,NA,0.514822934,181889,94.89362335,4.39812708,464.709137,19.07999992,97.187,174.722,2.639462354,15633.21742,12,14700,59.09999847
St. Vincent and the Grenadines,VCT,72.415,100,NA,NA,NA,36.89875,13.8,NA,0.348123622,110210,105.5491333,4.47178459,329.2566528,NA,125.132,206.879,2.163128944,12770.09827,14.24,12640,54.70000076
Sudan,SDN,65.095,59.783535,-9.931821776,NA,NA,NA,42,60.6971817,2.392265265,41801533,NA,4.51304483,60.17465973,NA,187.141,244.878,-2.289949359,4258.775161,32.177,3950,40.31999969
Suriname,SUR,71.57,97.4,NA,NA,13.8299799,NA,16.6,94.38327026,0.957016885,575987,85.14813232,7.96947193,474.1265564,NA,118.443,219.754,2.57655755,17039.68568,18.542,15120,48.13999939
Sweden,SWE,82.55853659,100,1.287443515,4.92E+11,0.128470004,NA,2.2,NA,1.16164516,10175214,104.1240463,10.8985014,5981.706055,6.360000134,38.431,62.062,1.950022846,55243.37015,11.4,56220,60.29000092
Switzerland,CHE,83.75365854,100,1.199261631,5.19E+11,0.082479998,NA,3.6,NA,0.736633975,8514329,96.21008301,11.87620926,9870.664063,4.710000038,NA,NA,2.750553775,70877.78683,10,71070,65.16000366
Syrian Arab Republic,SYR,71.779,86,NA,NA,NA,NA,18,NA,-0.952015452,16906283,NA,NA,NA,NA,73.258,237.292,NA,NA,23.685,NA,40.65000153
Tajikistan,TJK,70.879,99.3,NA,NA,NA,NA,30.4,NA,2.453465059,9100837,NA,7.2394805,59.84311676,NA,96.277,164.528,7.300000287,3313.519458,30.761,3850,37.65999985
Tanzania,TZA,65.015,35.55897903,NA,NA,17.6490593,NA,37,NA,2.981674115,56318348,68.70372772,3.62868047,36.82281494,NA,193.172,249.798,5.444967632,2651.091047,36.7,2570,81.88999939
Thailand,THA,76.931,100,3.695191512,3.43E+11,NA,NA,8.1,93.76776123,0.315448259,69428524,93.42047119,3.79303908,275.9165039,0.769999981,77.992,186.853,4.150762088,18527.09538,10.344,17630,67.06999969
Timor-Leste,TLS,69.26,85.59183502,22.08262414,NA,4.186530113,NA,39.2,68.0668335,1.96810074,1267972,103.8459091,4.32635784,93.69417572,NA,117.478,168.862,-1.053902251,3126.014207,29.424,4490,64.26000214
Togo,TGO,60.76,51.34528351,12.3679634,4359863705,5.308000088,NA,47,NA,2.445904207,7889094,89.67256165,6.16532087,41.83677292,NA,244.396,277.736,4.931155222,1590.686226,33.113,1600,56.79999924
Tonga,TON,70.801,98.89260101,NA,NA,NA,NA,14.4,99.41436768,1.168657761,103197,NA,5.09657621,236.9345398,3.069999933,120.542,213.56,0.300009404,6572.705516,24.303,6970,45.45000076
Trinidad and Tobago,TTO,73.38,100,NA,NA,NA,NA,16.1,NA,0.417170469,1389858,NA,6.93182945,1123.423706,NA,108.616,186.336,-0.245213697,26912.91695,12.937,26160,58.47000122
Tunisia,TUN,76.505,99.8,NA,NA,NA,NA,14.6,NA,1.145827766,11565204,NA,7.29209566,251.5467224,15.46000004,67.321,106.668,2.664453323,11025.99161,17.564,10650,39.40000153
Turkey,TUR,77.437,100,1.092328336,9.89E+11,4.956200123,NA,9.2,NA,1.490444868,82319724,88.52777863,4.12414074,389.8655701,10.89000034,62.33,119.237,2.958966724,28831.93193,16.027,28390,47.15999985
Turkmenistan,TKM,68.073,100,NA,NA,NA,NA,36.6,NA,1.606415757,5850908,NA,6.60540628,460.1751404,NA,128.231,243.687,6.199999941,15206.96193,23.831,14570,55.83000183
Uganda,UGA,62.973,42.65,11.68333632,28609616275,NA,NA,34.6,76.52749634,3.7213873,42723139,NA,6.52623558,43.13787842,NA,233.267,302.371,6.162619139,2173.958819,38.135,2110,69.05000305
Ukraine,UKR,71.58268293,100,4.078751304,1.33E+11,NA,NA,7.4,NA,-0.466425621,44622518,NA,7.72391653,228.3900757,8.800000191,NA,NA,3.405298522,12629.14166,8.7,12950,49.56999969
United Arab Emirates,ARE,77.814,100,-1.607546324,3.54E+11,NA,NA,6.5,NA,1.50389676,9630959,NA,4.22590351,1817.347656,NA,44.863,69.555,1.189855642,68599.61818,10.331,68830,80.27999878
United Kingdom,GBR,81.25609756,100,0.544202412,2.43E+12,0.663089991,NA,3.7,NA,0.605929132,66460344,100.5974579,9.99696255,4315.427734,4,NA,NA,1.340720602,48690.78517,11,48000,60.24000168
United States,USA,78.53902439,100,2.407156235,1.54E+13,0.574209988,NA,5.6,NA,0.522337358,326687501,100.0926971,16.88529778,10623.84961,3.900000095,NA,NA,2.927325732,62996.47129,11.6,63780,59.88999939
Uruguay,URY,77.77,100,-0.93622467,41394123359,0.135690004,NA,6.5,98.70385742,0.367502623,3449299,103.2246475,9.20269966,1590.048218,8.340000153,76.015,139.322,1.620083629,22116.7866,13.857,20590,58.56999969
Uzbekistan,UZB,71.573,100,NA,NA,0.726530015,NA,16.5,99.9928894,1.736986377,32956100,103.0236282,5.29149055,82.26926422,9.300000191,100.911,169.704,5.446444862,6920.044618,23.3,7130,58.38999939
Vanuatu,VUT,70.323,61.86476898,NA,NA,NA,NA,22.4,87.50630951,2.480280726,292680,NA,3.37372637,105.3915863,NA,102.42,151.626,2.900230273,3204.679541,29.595,3230,68.73999786
"Venezuela, RB",VEN,72.128,100,NA,NA,NA,NA,21,NA,-1.785864856,28870195,NA,3.56269026,256.9468994,NA,94.804,206.678,NA,NA,17.881,NA,55.93000031
Vietnam,VNM,75.317,100,8.379200926,1.66E+11,NA,NA,16.3,95.00038147,0.992716375,95540395,110.0212097,5.91789675,151.6861115,1.159999967,76.363,188.583,7.075788617,7771.18942,16.745,7290,76.79000092
Virgin Islands (U.S.),VIR,79.56829268,100,NA,NA,NA,NA,NA,NA,-0.271651781,106977,NA,NA,NA,NA,41.141,70.177,NA,NA,12.5,NA,55.65000153
"Yemen, Rep.",YEM,66.096,62,NA,NA,NA,NA,43.6,NA,2.357022518,28498687,NA,NA,NA,NA,174.558,219.749,0.752598679,NA,30.453,NA,33.16999817
Zambia,ZMB,63.51,39.81262207,NA,NA,NA,NA,43.4,86.74796295,2.912801004,17351822,NA,4.93484306,75.99179077,12.01000023,221.573,321.143,4.034378235,3607.304442,36.192,3550,65.69999695
Arab World,ARB,71.80682516,89.28685622,2.947724716,2.13E+12,14.73468971,NA,26.60652905,72.86908722,1.915912549,419790591,84.95223236,5.225987043,392.551397,NA,110.0880808,153.9081789,2.079469006,14985.31584,25.14754199,14914.51367,42.85908787
Caribbean small states,CSS,73.63710891,98.40160227,NA,NA,8.993639946,34.16447,15.01978814,NA,0.601122135,7358958,90.81897736,6.363417362,621.2457334,NA,115.1678519,192.0474249,1.637278088,16165.56583,15.88676789,15471.2042,57.68933517
Central Europe and the Baltics,CEB,76.97684517,100,4.43075441,1.36E+12,4.72947979,NA,4.172168437,NA,-0.19625233,102537026,93.07649994,6.610860197,1054.654453,4.314953094,NA,NA,4.502406488,32915.21887,9.948650527,31785.84552,54.67871337
Early-demographic dividend,EAR,70.48319068,90.72465216,3.419599603,9.84E+12,5.842400074,NA,28.66315465,79.35413361,1.306104198,3248239444,91.59841919,5.04291263,176.2318947,5.947803621,133.1677,192.4433125,3.507714751,9439.493722,20.20395574,9325.050103,52.32486663
East Asia & Pacific,EAS,76.06833643,97.98643366,4.845735177,1.90E+13,3.281500101,NA,12.4,95.62532043,0.606731208,2328138066,98.14378357,6.669777429,721.8835613,3.469063577,76.43812821,123.8041101,4.180431544,17532.12064,12.56112065,17482.20685,65.27864661
East Asia & Pacific (excluding high income),EAP,75.21051211,97.77079418,8.538870237,1.05E+13,3.3557899,NA,12.97012887,95.87911987,0.652581297,2081639097,98.05004883,5.090258759,387.1985998,3.499115515,77.8799665,125.3754644,6.451091252,14060.24819,13.1120155,13933.00931,65.88986398
East Asia & Pacific (IDA & IBRD countries),TEA,75.24922911,98.38320712,8.538870237,1.04E+13,3.266930103,NA,12.96106713,95.82859802,0.654850956,2056064424,98.05928802,5.090390174,387.2138128,3.499115515,77.65224031,124.9255426,6.451216352,14208.06884,13.10235517,14079.53168,65.73080239
Euro area,EMU,82.05961728,100,1.316438497,1.16E+13,1.34186995,NA,3.184125331,NA,0.199188602,341843156,96.45337677,10.13578919,4063.248785,8.178725186,NA,NA,1.881828361,49052.42891,9.274466109,49287.80155,52.2766298
Europe & Central Asia,ECS,77.90860669,99.99305849,1.598801025,1.98E+13,2.076900005,NA,7.3,98.33351898,0.364881976,917922618.5,97.56958008,9.292036345,2346.617004,7.012267796,NA,NA,2.157106839,36669.78232,11.72984008,36412.64113,54.30772523
Europe & Central Asia (excluding high income),ECA,73.59078153,99.98397075,2.685987481,2.97E+12,2.650840044,NA,10.66558619,99.00773621,0.542740287,397435105.5,98.40103912,5.151415649,411.5953667,7.366798746,NA,NA,2.974110561,22601.39002,14.40100285,22084.22288,54.52309987
Europe & Central Asia (IDA & IBRD countries),TEC,74.0376029,99.98611983,3.035192498,3.74E+12,3.013329983,NA,10.10452976,98.9805069,0.436321808,458970243.5,97.63916779,5.370706955,475.8338319,6.92499439,NA,NA,3.35554875,23843.07832,13.80162145,23254.8059,54.39717717
European Union,EUU,81.03440922,100,1.565843903,1.35E+13,1.820479989,NA,3.380367199,NA,0.144890089,446777673,96.60489655,9.853993834,3524.711403,7.265739337,NA,NA,2.118239984,46046.23858,9.465559593,46026.8647,52.94311029
Fragile and conflict affected situations,FCS,61.49999958,55.01691172,NA,NA,24.25704002,NA,57.18470641,63.49599075,2.211901333,780467640,72.25985718,4.470025791,81.37890677,NA,227.8255293,285.899462,2.223850205,4893.471932,33.7337593,4770.640143,54.89648782
Heavily indebted poor countries (HIPC),HPC,63.1350064,44.62590148,3.552291852,5.66E+11,16.87681007,NA,48.34122308,61.88288879,2.78329757,780234406,66.81575775,4.843206232,46.52740469,NA,216.3665393,271.440695,4.082664181,2574.386992,35.2984689,2515.053012,66.00186139
High income,HIC,80.65610468,99.9973414,1.609544206,4.41E+13,1.622720003,NA,4.4,NA,0.447716983,1230515710,98.21237183,12.42485209,5562.344755,5.137885998,NA,NA,2.194350021,51187.41781,10.30091993,51434.31207,57.654738
IBRD only,IBD,73.40487673,97.80895514,5.159978372,2.30E+13,3.342950106,NA,18.81839126,89.06654358,0.867516958,4777257265,94.98506165,5.557630145,343.8950827,5.353592299,101.0669116,158.4957359,4.439621364,13399.03693,15.64827847,13178.45705,56.7694713
IDA & IBRD total,IBT,71.07173804,87.89260877,5.122617309,2.47E+13,8.791370392,NA,31.3101017,84.12513733,1.221334353,6410738780,88.17144012,5.462382474,272.0989024,5.316525966,123.495949,178.8337585,4.435642206,10954.57398,19.608656,10774.68483,57.50703992
IDA blend,IDB,62.16175014,66.72096495,3.711640682,7.23E+11,24.42521095,NA,60.0507501,66.5693512,2.282201191,549115214,77.1725235,3.804041076,68.41850179,NA,215.8707437,257.6238273,3.482841179,4987.538791,31.83334497,4858.576653,54.76057641
IDA only,IDX,65.30409152,54.92656587,5.325590555,9.89E+11,15.47782993,NA,44.94956643,65.49887085,2.264570377,1084366301,73.6762085,4.318130799,46.43239041,NA,185.2289752,241.6752298,5.232004413,3297.089585,30.86719883,3270.11291,62.97120847
IDA total,IDA,64.24780047,58.89140043,4.45739953,1.70E+12,NA,NA,50.11618212,NA,2.270496517,1633481515,NA,4.08001116,54.11591916,NA,195.4131412,247.1220121,4.378628585,3859.15499,31.1919667,3797.091727,60.20935965
Late-demographic dividend,LTE,76.22444368,99.41005657,6.070195772,1.55E+13,2.455879927,NA,8.870932594,96.15605927,0.541059533,2287846155,96.93363953,5.758975073,548.5387171,4.712937575,67.02339984,116.751457,4.965014564,17323.376,12.06976643,16983.5218,63.68886812
Latin America & Caribbean,LCN,75.44094775,98.33114415,0.281294543,4.92E+12,2.943429947,NA,14.3,93.86865997,0.931854102,640467174,98.15247345,7.956369729,666.9338387,8.057292588,92.71704815,177.1577303,1.581704791,16605.51197,16.36224575,16022.36057,58.9957185
Latin America & Caribbean (excluding high income),LAC,75.24611405,98.24238996,0.255858453,4.52E+12,2.824729919,NA,14.50272617,93.72753143,0.944512107,608125444,98.38349915,7.889318745,632.0234996,8.109416426,94.08442426,179.9789657,1.549819552,16021.37582,16.54637892,15532.75007,59.1251154
Latin America & the Caribbean (IDA & IBRD countries),TLA,75.3574155,98.28897147,0.29450217,4.76E+12,2.856620073,NA,14.38957508,93.7561264,0.976287559,624681220,98.45651245,7.89928248,660.0661399,8.168152807,93.21238873,178.5677368,1.674603707,16550.06285,16.53188169,16022.21322,59.2428689
Least developed countries: UN classification,LDC,65.03962412,51.58346079,3.588764611,7.93E+11,16.33177948,NA,46.02467449,64.27587891,2.361954866,1009662578,71.72103882,4.003889416,42.82176174,NA,186.9356883,242.8487927,4.462192801,2993.141894,31.43290542,2962.471219,64.12899739
Low & middle income,LMY,70.99881948,87.59227754,5.210493603,2.37E+13,8.829000473,NA,31.41647518,84.00708771,1.231470155,6361429561,88.15956879,5.413333124,262.1984846,5.324348127,123.7446641,178.9240721,4.426622938,10660.19395,19.69755068,10494.49558,57.61328852
Low income,LIC,63.49633875,41.91719758,NA,NA,19.12043953,NA,49.2,60.49671173,2.604124314,651327587,64.85063171,5.342417282,35.59236853,NA,205.6285782,263.6653847,3.689757383,2409.800047,34.62114307,2372.17227,63.6630349
Lower middle income,LMC,68.42246909,86.261474,4.68531105,5.06E+12,9.355199814,NA,37.7,75.431633,1.44557808,2872397765,89.33081818,4.073158623,85.66510544,5.055119084,152.9623265,211.1611055,5.164156769,6527.660767,22.19005791,6463.731468,52.08930707
Middle East & North Africa,MEA,74.08890926,96.46889149,3.030055351,2.72E+12,5.214540005,NA,18.5,78.98143005,1.73544139,448912962,91.26567078,5.959707249,520.883038,NA,85.55755193,128.4187747,0.954019155,16912.03492,22.57852544,16864.40983,42.85654558
Middle East & North Africa (excluding high income),MNA,73.58735821,95.86008363,NA,NA,5.442969799,NA,20.00467758,75.96434021,1.686366943,382896715,90.36672211,6.531963523,273.5396998,NA,88.05758247,138.936176,-0.378075666,11054.39386,23.63155148,10926.19912,39.07802116
Middle East & North Africa (IDA & IBRD countries),TMN,73.58364281,95.81008559,NA,NA,5.475080013,NA,20.05113425,75.72257996,1.675843296,378327628,90.25498199,6.531963523,273.5396998,NA,88.01124677,139.0740863,-0.392016144,11109.1352,23.56331065,10965.15964,39.15260631
Middle income,MIC,71.85462578,92.80229458,5.215368038,2.33E+13,6.850500107,NA,27.57999214,86.08866119,1.077227234,5710101974,92.06635284,5.414196749,284.6865851,5.320054509,115.5798616,170.8752409,4.436980249,11614.32224,17.99521982,11433.77982,57.07354584
North America,NAC,78.88689055,100,2.330565627,1.70E+13,0.54282999,NA,5.5,NA,0.612969454,363809186,99.89868164,16.41614958,10050.27876,4.111356763,NA,NA,2.837657587,61771.91748,11.44661197,62412.33892,60.05392604
OECD members,OED,80.07752959,99.99766672,1.533143013,4.37E+13,1.348019958,NA,6.083371161,NA,0.578037009,1352645878,98.67054749,12.45665809,4899.629569,5.441982544,NA,NA,2.206740155,45875.8876,11.31256885,46046.82157,57.21676051
Other small states,OSS,68.5469317,77.34628233,NA,NA,12.27637959,NA,36.49690405,85.06986237,2.027977896,30760211,85.26834869,4.48164777,681.0188448,NA,184.1919166,212.8676583,2.022041332,23401.26108,23.12260156,22690.63227,59.40876804
Pacific island small states,PSS,69.92905797,85.50135884,NA,NA,4.249479771,NA,20.49155919,91.29380798,1.456636965,2457367,97.27973175,4.91915957,207.4340138,NA,141.2401278,204.0598572,2.865600016,7592.241132,26.09917834,7418.494622,63.18130571
Post-demographic dividend,PST,80.659892,100,1.521637785,4.10E+13,1.39241004,NA,4.137728645,NA,0.331883365,1109441474,98.78462982,12.88590176,5832.108804,5.308929222,NA,NA,2.101345833,50310.60187,9.828199407,50746.87101,57.18641074
Pre-demographic dividend,PRE,60.8209563,48.39636644,1.55872768,9.37E+11,21.70594978,NA,55.37541348,62.00146866,2.791762185,919485393,68.58740234,4.241674127,63.31947909,NA,243.423428,298.309803,1.991304805,3575.732752,36.5449441,3454.965946,60.34189477
Small states,SST,69.54113246,81.6587557,NA,NA,11.18597984,NA,32.59792501,86.69132233,1.731600603,40576536,87.06535339,4.757639799,641.497493,NA,166.8117426,208.681159,1.983372355,21128.63962,22.00092543,20451.4296,59.26651463
South Asia,SAS,69.41224765,91.62199183,5.661838088,3.01E+12,7.181759834,NA,34.5,72.24388123,1.202181388,1814388744,90.06334686,3.482226786,67.15608808,5.156116367,142.3604968,195.2021837,6.0959496,6195.761491,19.40734232,6147.100461,48.53754886
South Asia (IDA & IBRD),TSA,69.41224765,91.62199183,5.661838088,3.01E+12,7.181759834,NA,34.48050432,72.24388123,1.202181388,1814388744,90.06334686,3.482226786,67.15608808,5.156116367,142.3604968,195.2021837,6.0959496,6195.761491,19.40734232,6147.100461,48.53754886
Sub-Saharan Africa,SSF,61.27301465,47.66631842,1.162639765,1.29E+12,19.16044044,NA,53,65.03897858,2.680831268,1078306520,68.77088928,5.08460288,83.24901898,NA,243.1421989,302.6424144,2.386513219,3849.132663,35.21907793,3714.703776,62.85704153
Sub-Saharan Africa (excluding high income),SSA,61.25653313,47.60310661,1.144159833,1.27E+12,19.17021942,NA,53.03232837,64.99101257,2.684155329,1076944455,68.74986267,5.078348544,82.50142953,NA,243.3842939,302.8303049,2.375180383,3824.698507,35.25010084,3687.007127,62.87109578
Sub-Saharan Africa (IDA & IBRD countries),TSS,61.27301465,47.66631842,1.162639765,1.29E+12,19.16044044,NA,53.0172915,65.03897858,2.680831268,1078306520,68.77088928,5.08460288,83.24901898,NA,243.1421989,302.6424144,2.386513219,3849.132663,35.21907793,3714.703776,62.85704153
Upper middle income,UMC,75.32898498,99.42321215,5.365969288,1.82E+13,3.438659906,NA,11.8,95.45144653,0.707087217,2837704209,96.03256226,5.739787359,486.426573,5.467708949,79.52857152,131.3529303,4.248365043,16748.88505,13.74880116,16450.53407,61.51450317
World,WLD,72.56328189,89.5703145,2.801665574,6.77E+13,8.053079605,NA,29,86.24694061,1.103608597,7591945271,89.2310791,9.848778575,1110.840893,5.284693459,121.1938603,175.4490552,2.976776266,17200.93614,18.17484976,17102.85414,57.62084379
